<metadata xml:lang="en"><Esri><CreaDate>20170222</CreaDate><CreaTime>13572700</CreaTime><ArcGISFormat>1.0</ArcGISFormat><SyncOnce>FALSE</SyncOnce><DataProperties><lineage><Process ToolSource="c:\program files (x86)\arcgis\desktop10.1\ArcToolbox\Toolboxes\Spatial Analyst Tools.tbx\Con" Date="20170222" Time="135727">Con C:\Users\GISMachine1\AppData\Roaming\CHaMPTopo\TempWorkspace\DEMdata.tif C:\Users\GISMachine1\AppData\Roaming\CHaMPTopo\TempWorkspace\DEMdata.tif D:\CHaMP_Repairs\2011\Lemhi\CBW05583-193375\VISIT_22\Topo\Survey.gdb\DEM C:\Users\GISMachine1\AppData\Roaming\CHaMPTopo\TempWorkspace\rastPointsNulls.tif "VALUE &gt; 0"</Process><Process ToolSource="c:\program files (x86)\arcgis\desktop10.2\ArcToolbox\Toolboxes\Data Management Tools.tbx\CopyRaster" Date="20170828" Time="161242">CopyRaster C:/et_al/Shared/Projects/USA/CHaMP/ResearchProjects/TopographicGUs/wrk_Data/Lemhi/CBW05583-193375/2011/VISIT_22\Topo\SurveyGeoDatabase.gdb\DEM C:\et_al\Shared\Projects\USA\CHaMP\ResearchProjects\TopographicGUs\wrk_Data\Lemhi\CBW05583-193375\2011\VISIT_22\ModelRuns\Inputs\DEM.tif # # -3.402823e+038 NONE NONE # NONE NONE</Process></lineage><itemProps><itemName Sync="TRUE">DEM.tif</itemName><itemLocation><linkage Sync="TRUE">file://C:\et_al\Shared\Projects\USA\CHaMP\ResearchProjects\TopographicGUs\wrk_Data\Lemhi\CBW05583-193375\2011\VISIT_22\ModelRuns\Inputs\DEM.tif</linkage><protocol Sync="TRUE">Local Area Network</protocol></itemLocation><imsContentType Sync="TRUE">002</imsContentType><nativeExtBox><westBL Sync="TRUE">297774.000000</westBL><eastBL Sync="TRUE">297837.000000</eastBL><southBL Sync="TRUE">4985668.000000</southBL><northBL Sync="TRUE">4985794.000000</northBL><exTypeCode Sync="TRUE">1</exTypeCode></nativeExtBox></itemProps><coordRef><type Sync="TRUE">Projected</type><geogcsn Sync="TRUE">GCS_North_American_1983</geogcsn><csUnits Sync="TRUE">Linear Unit: Meter (1.000000)</csUnits><projcsn Sync="TRUE">NAD_1983_UTM_Zone_12N</projcsn><peXml Sync="TRUE">&lt;ProjectedCoordinateSystem xsi:type='typens:ProjectedCoordinateSystem' xmlns:xsi='http://www.w3.org/2001/XMLSchema-instance' xmlns:xs='http://www.w3.org/2001/XMLSchema' xmlns:typens='http://www.esri.com/schemas/ArcGIS/10.1'&gt;&lt;WKT&gt;PROJCS[&amp;quot;NAD_1983_UTM_Zone_12N&amp;quot;,GEOGCS[&amp;quot;GCS_North_American_1983&amp;quot;,DATUM[&amp;quot;D_North_American_1983&amp;quot;,SPHEROID[&amp;quot;GRS_1980&amp;quot;,6378137.0,298.257222101]],PRIMEM[&amp;quot;Greenwich&amp;quot;,0.0],UNIT[&amp;quot;Degree&amp;quot;,0.0174532925199433]],PROJECTION[&amp;quot;Transverse_Mercator&amp;quot;],PARAMETER[&amp;quot;false_easting&amp;quot;,500000.0],PARAMETER[&amp;quot;false_northing&amp;quot;,0.0],PARAMETER[&amp;quot;central_meridian&amp;quot;,-111.0],PARAMETER[&amp;quot;scale_factor&amp;quot;,0.9996],PARAMETER[&amp;quot;latitude_of_origin&amp;quot;,0.0],UNIT[&amp;quot;Meter&amp;quot;,1.0],AUTHORITY[&amp;quot;EPSG&amp;quot;,26912]]&lt;/WKT&gt;&lt;XOrigin&gt;-5120900&lt;/XOrigin&gt;&lt;YOrigin&gt;-9998100&lt;/YOrigin&gt;&lt;XYScale&gt;450445547.3910538&lt;/XYScale&gt;&lt;ZOrigin&gt;-100000&lt;/ZOrigin&gt;&lt;ZScale&gt;10000&lt;/ZScale&gt;&lt;MOrigin&gt;-100000&lt;/MOrigin&gt;&lt;MScale&gt;10000&lt;/MScale&gt;&lt;XYTolerance&gt;0.001&lt;/XYTolerance&gt;&lt;ZTolerance&gt;0.001&lt;/ZTolerance&gt;&lt;MTolerance&gt;0.001&lt;/MTolerance&gt;&lt;HighPrecision&gt;true&lt;/HighPrecision&gt;&lt;WKID&gt;26912&lt;/WKID&gt;&lt;LatestWKID&gt;26912&lt;/LatestWKID&gt;&lt;/ProjectedCoordinateSystem&gt;</peXml></coordRef><RasterProperties><General><PixelDepth Sync="TRUE">32</PixelDepth><HasColormap Sync="TRUE">FALSE</HasColormap><CompressionType Sync="TRUE">LZW</CompressionType><NumBands Sync="TRUE">1</NumBands><Format Sync="TRUE">TIFF</Format><HasPyramids Sync="TRUE">TRUE</HasPyramids><SourceType Sync="TRUE">continuous</SourceType><PixelType Sync="TRUE">floating point</PixelType><NoDataValue Sync="TRUE">-3.4028231e+038</NoDataValue></General></RasterProperties></DataProperties><SyncDate>20170828</SyncDate><SyncTime>16124200</SyncTime><ModDate>20170828</ModDate><ModTime>16124200</ModTime></Esri><dataIdInfo><envirDesc Sync="TRUE"> Version 6.2 (Build 9200) ; Esri ArcGIS 10.2.2.3552</envirDesc><dataLang><languageCode value="eng" Sync="TRUE"></languageCode><countryCode value="USA" Sync="TRUE"></countryCode></dataLang><idCitation><resTitle Sync="TRUE">DEM.tif</resTitle><presForm><PresFormCd value="005" Sync="TRUE"></PresFormCd></presForm></idCitation><spatRpType><SpatRepTypCd value="002" Sync="TRUE"></SpatRepTypCd></spatRpType><dataExt><geoEle><GeoBndBox esriExtentType="search"><exTypeCode Sync="TRUE">1</exTypeCode><westBL Sync="TRUE">-113.565676</westBL><eastBL Sync="TRUE">-113.564827</eastBL><northBL Sync="TRUE">44.996787</northBL><southBL Sync="TRUE">44.995636</southBL></GeoBndBox></geoEle></dataExt></dataIdInfo><mdLang><languageCode value="eng" Sync="TRUE"></languageCode><countryCode value="USA" Sync="TRUE"></countryCode></mdLang><distInfo><distFormat><formatName Sync="TRUE">Raster Dataset</formatName></distFormat></distInfo><mdHrLv><ScopeCd value="005" Sync="TRUE"></ScopeCd></mdHrLv><mdHrLvName Sync="TRUE">dataset</mdHrLvName><refSysInfo><RefSystem><refSysID><identCode code="26912" Sync="TRUE"></identCode><idCodeSpace Sync="TRUE">EPSG</idCodeSpace><idVersion Sync="TRUE">8.2.6</idVersion></refSysID></RefSystem></refSysInfo><spatRepInfo><Georect><cellGeo><CellGeoCd Sync="TRUE" value="002"></CellGeoCd></cellGeo><numDims Sync="TRUE">2</numDims><tranParaAv Sync="TRUE">1</tranParaAv><chkPtAv Sync="TRUE">0</chkPtAv><cornerPts><pos Sync="TRUE">297774.000000 4985668.000000</pos></cornerPts><cornerPts><pos Sync="TRUE">297774.000000 4985794.000000</pos></cornerPts><cornerPts><pos Sync="TRUE">297837.000000 4985794.000000</pos></cornerPts><cornerPts><pos Sync="TRUE">297837.000000 4985668.000000</pos></cornerPts><centerPt><pos Sync="TRUE">297805.500000 4985731.000000</pos></centerPt><axisDimension type="002"><dimSize Sync="TRUE">630</dimSize><dimResol><value Sync="TRUE" uom="Meter">0.100000</value></dimResol></axisDimension><axisDimension type="001"><dimSize Sync="TRUE">1260</dimSize><dimResol><value Sync="TRUE" uom="Meter">0.100000</value></dimResol></axisDimension><ptInPixel><PixOrientCd Sync="TRUE" value="001"></PixOrientCd></ptInPixel></Georect></spatRepInfo><contInfo><ImgDesc><contentTyp><ContentTypCd Sync="TRUE" value="001"></ContentTypCd></contentTyp><covDim><Band><dimDescrp Sync="TRUE">Band_1</dimDescrp><bitsPerVal Sync="TRUE">32</bitsPerVal><valUnit><UOM type="length"></UOM></valUnit></Band></covDim></ImgDesc></contInfo><mdDateSt Sync="TRUE">20170828</mdDateSt></metadata>
