<metadata xml:lang="en"><Esri><CreaDate>20130110</CreaDate><CreaTime>13581200</CreaTime><ArcGISFormat>1.0</ArcGISFormat><SyncOnce>FALSE</SyncOnce><DataProperties><lineage><Process ToolSource="c:\program files (x86)\arcgis\server10.0\ArcToolbox\Toolboxes\Conversion Tools.tbx\RasterToPolyline" Date="20130110" Time="135812">RasterToPolyline c:\RbtRunprod6\temp\CPath.tif c:\RbtRunprod6\temp\Polyline.shp ZERO 0 SIMPLIFY Value</Process><Process ToolSource="c:\program files (x86)\arcgis\server10.0\ArcToolbox\Toolboxes\Cartography Tools.tbx\SmoothLine" Date="20130110" Time="135813">SmoothLine c:\RbtRunprod6\temp\polyline.shp c:\RbtRunprod6\output\artifacts\CBW05583-193375_22_20110731.gdb\Thalweg PAEK "2 Unknown" FIXED_CLOSED_ENDPOINT NO_CHECK</Process><Process ToolSource="c:\program files (x86)\arcgis\server10.0\ArcToolbox\Toolboxes\Data Management Tools.tbx\AddField" Date="20130110" Time="135814">AddField c:\RbtRunprod6\output\artifacts\CBW05583-193375_22_20110731.gdb\Thalweg PoolWt DOUBLE # # # # NULLABLE NON_REQUIRED #</Process><Process ToolSource="c:\program files (x86)\arcgis\server10.0\ArcToolbox\Toolboxes\Data Management Tools.tbx\AddField" Date="20130110" Time="135815">AddField c:\RbtRunprod6\output\artifacts\CBW05583-193375_22_20110731.gdb\Thalweg SmoothT DOUBLE # # # # NULLABLE NON_REQUIRED #</Process><Process ToolSource="c:\program files (x86)\arcgis\desktop10.0\ArcToolbox\Toolboxes\Conversion Tools.tbx\FeatureClassToFeatureClass" Date="20130111" Time="123824">FeatureClassToFeatureClass C:\GIS\Repairs\LineDirection\LEM_CBW05583-193375\CBW05583-193375_22_20110731.gdb\Thalweg C:\GIS\Repairs\LineDirection\LEM_CBW05583-193375\Survey.gdb\Projected Thalweg # "ARCID "ARCID" true true false 4 Long 0 0 ,First,#,C:\GIS\Repairs\LineDirection\LEM_CBW05583-193375\CBW05583-193375_22_20110731.gdb\Thalweg,ARCID,-1,-1;GRID_CODE "GRID_CODE" true true false 4 Long 0 0 ,First,#,C:\GIS\Repairs\LineDirection\LEM_CBW05583-193375\CBW05583-193375_22_20110731.gdb\Thalweg,GRID_CODE,-1,-1;FROM_NODE "FROM_NODE" true true false 4 Long 0 0 ,First,#,C:\GIS\Repairs\LineDirection\LEM_CBW05583-193375\CBW05583-193375_22_20110731.gdb\Thalweg,FROM_NODE,-1,-1;TO_NODE "TO_NODE" true true false 4 Long 0 0 ,First,#,C:\GIS\Repairs\LineDirection\LEM_CBW05583-193375\CBW05583-193375_22_20110731.gdb\Thalweg,TO_NODE,-1,-1;Shape_Length "Shape_Length" false true true 8 Double 0 0 ,First,#,C:\GIS\Repairs\LineDirection\LEM_CBW05583-193375\CBW05583-193375_22_20110731.gdb\Thalweg,Shape_Length,-1,-1;PoolWt "PoolWt" true true false 8 Double 0 0 ,First,#,C:\GIS\Repairs\LineDirection\LEM_CBW05583-193375\CBW05583-193375_22_20110731.gdb\Thalweg,PoolWt,-1,-1;SmoothT "SmoothT" true true false 8 Double 0 0 ,First,#,C:\GIS\Repairs\LineDirection\LEM_CBW05583-193375\CBW05583-193375_22_20110731.gdb\Thalweg,SmoothT,-1,-1" #</Process><Process ToolSource="c:\program files (x86)\arcgis\desktop10.0\ArcToolbox\Toolboxes\Editing Tools.tbx\FlipLine" Date="20130111" Time="123834">FlipLine C:\GIS\Repairs\LineDirection\LEM_CBW05583-193375\Survey.gdb\Projected\Thalweg</Process><Process ToolSource="c:\program files (x86)\arcgis\desktop10.2\ArcToolbox\Toolboxes\Data Management Tools.tbx\CopyFeatures" Date="20170828" Time="161255">CopyFeatures C:/et_al/Shared/Projects/USA/CHaMP/ResearchProjects/TopographicGUs/wrk_Data/Lemhi/CBW05583-193375/2011/VISIT_22\Topo\SurveyGeoDatabase.gdb\Thalweg C:\et_al\Shared\Projects\USA\CHaMP\ResearchProjects\TopographicGUs\wrk_Data\Lemhi\CBW05583-193375\2011\VISIT_22\ModelRuns\Inputs\Thalweg.shp # 0 0 0</Process><Process ToolSource="c:\program files (x86)\arcgis\desktop10.2\ArcToolbox\Toolboxes\Data Management Tools.tbx\AddField" Date="20171007" Time="100346">AddField "E:\\Box Sync\\ET_AL\\Projects\\USA\\ISEMP\\GeomorphicUnits\\HundredSites\\Data\\VisitData\\VISIT_22\\GUT\\Inputs/Thalweg.shp" Channel TEXT # # 15 # NULLABLE NON_REQUIRED #</Process><Process ToolSource="c:\program files (x86)\arcgis\desktop10.2\ArcToolbox\Toolboxes\Data Management Tools.tbx\AddField" Date="20171007" Time="100346">AddField "E:\\Box Sync\\ET_AL\\Projects\\USA\\ISEMP\\GeomorphicUnits\\HundredSites\\Data\\VisitData\\VISIT_22\\GUT\\Inputs/Thalweg.shp" ThalwegTyp TEXT # # 15 # NULLABLE NON_REQUIRED #</Process></lineage><itemProps><itemName Sync="TRUE">Thalweg</itemName><imsContentType Sync="TRUE">002</imsContentType><itemLocation><linkage Sync="TRUE">file://\\SARAB-PC\C$\et_al\Shared\Projects\USA\CHaMP\ResearchProjects\TopographicGUs\wrk_Data\Lemhi\CBW05583-193375\2011\VISIT_22\ModelRuns\Inputs\Thalweg.shp</linkage><protocol Sync="TRUE">Local Area Network</protocol></itemLocation><itemSize Sync="TRUE">0.000</itemSize></itemProps><coordRef><type Sync="TRUE">Projected</type><geogcsn Sync="TRUE">GCS_North_American_1983</geogcsn><csUnits Sync="TRUE">Linear Unit: Meter (1.000000)</csUnits><projcsn Sync="TRUE">NAD_1983_UTM_Zone_12N</projcsn><peXml Sync="TRUE">&lt;ProjectedCoordinateSystem xsi:type='typens:ProjectedCoordinateSystem' xmlns:xsi='http://www.w3.org/2001/XMLSchema-instance' xmlns:xs='http://www.w3.org/2001/XMLSchema' xmlns:typens='http://www.esri.com/schemas/ArcGIS/10.1'&gt;&lt;WKT&gt;PROJCS[&amp;quot;NAD_1983_UTM_Zone_12N&amp;quot;,GEOGCS[&amp;quot;GCS_North_American_1983&amp;quot;,DATUM[&amp;quot;D_North_American_1983&amp;quot;,SPHEROID[&amp;quot;GRS_1980&amp;quot;,6378137.0,298.257222101]],PRIMEM[&amp;quot;Greenwich&amp;quot;,0.0],UNIT[&amp;quot;Degree&amp;quot;,0.0174532925199433]],PROJECTION[&amp;quot;Transverse_Mercator&amp;quot;],PARAMETER[&amp;quot;false_easting&amp;quot;,500000.0],PARAMETER[&amp;quot;false_northing&amp;quot;,0.0],PARAMETER[&amp;quot;central_meridian&amp;quot;,-111.0],PARAMETER[&amp;quot;scale_factor&amp;quot;,0.9996],PARAMETER[&amp;quot;latitude_of_origin&amp;quot;,0.0],UNIT[&amp;quot;Meter&amp;quot;,1.0],AUTHORITY[&amp;quot;EPSG&amp;quot;,26912]]&lt;/WKT&gt;&lt;XOrigin&gt;-5120900&lt;/XOrigin&gt;&lt;YOrigin&gt;-9998100&lt;/YOrigin&gt;&lt;XYScale&gt;450445547.3910538&lt;/XYScale&gt;&lt;ZOrigin&gt;-100000&lt;/ZOrigin&gt;&lt;ZScale&gt;10000&lt;/ZScale&gt;&lt;MOrigin&gt;-100000&lt;/MOrigin&gt;&lt;MScale&gt;10000&lt;/MScale&gt;&lt;XYTolerance&gt;0.001&lt;/XYTolerance&gt;&lt;ZTolerance&gt;0.001&lt;/ZTolerance&gt;&lt;MTolerance&gt;0.001&lt;/MTolerance&gt;&lt;HighPrecision&gt;true&lt;/HighPrecision&gt;&lt;WKID&gt;26912&lt;/WKID&gt;&lt;LatestWKID&gt;26912&lt;/LatestWKID&gt;&lt;/ProjectedCoordinateSystem&gt;</peXml></coordRef></DataProperties><SyncDate>20170828</SyncDate><SyncTime>16125500</SyncTime><ModDate>20170828</ModDate><ModTime>16125500</ModTime></Esri><dataIdInfo><envirDesc Sync="TRUE"> Version 6.2 (Build 9200) ; Esri ArcGIS 10.2.2.3552</envirDesc><dataLang><languageCode value="eng" Sync="TRUE"></languageCode><countryCode value="USA" Sync="TRUE"></countryCode></dataLang><idCitation><resTitle Sync="TRUE">Thalweg</resTitle><presForm><PresFormCd value="005" Sync="TRUE"></PresFormCd></presForm></idCitation><spatRpType><SpatRepTypCd value="001" Sync="TRUE"></SpatRepTypCd></spatRpType></dataIdInfo><mdLang><languageCode value="eng" Sync="TRUE"></languageCode><countryCode value="USA" Sync="TRUE"></countryCode></mdLang><distInfo><distFormat><formatName Sync="TRUE">Shapefile</formatName></distFormat><distTranOps><transSize Sync="TRUE">0.000</transSize></distTranOps></distInfo><mdHrLv><ScopeCd value="005" Sync="TRUE"></ScopeCd></mdHrLv><mdHrLvName Sync="TRUE">dataset</mdHrLvName><refSysInfo><RefSystem><refSysID><identCode code="26912" Sync="TRUE" value="26912"></identCode><idCodeSpace Sync="TRUE">EPSG</idCodeSpace><idVersion Sync="TRUE">8.2.6</idVersion></refSysID></RefSystem></refSysInfo><spatRepInfo><VectSpatRep><geometObjs Name="Thalweg"><geoObjTyp><GeoObjTypCd value="002" Sync="TRUE"></GeoObjTypCd></geoObjTyp><geoObjCnt Sync="TRUE">0</geoObjCnt></geometObjs><topLvl><TopoLevCd value="001" Sync="TRUE"></TopoLevCd></topLvl></VectSpatRep></spatRepInfo><spdoinfo><ptvctinf><esriterm Name="Thalweg"><efeatyp Sync="TRUE">Simple</efeatyp><efeageom code="3" Sync="TRUE"></efeageom><esritopo Sync="TRUE">FALSE</esritopo><efeacnt Sync="TRUE">0</efeacnt><spindex Sync="TRUE">FALSE</spindex><linrefer Sync="TRUE">FALSE</linrefer></esriterm></ptvctinf></spdoinfo><eainfo><detailed Name="Thalweg"><enttyp><enttypl Sync="TRUE">Thalweg</enttypl><enttypt Sync="TRUE">Feature Class</enttypt><enttypc Sync="TRUE">0</enttypc></enttyp><attr><attrlabl Sync="TRUE">FID</attrlabl><attalias Sync="TRUE">FID</attalias><attrtype Sync="TRUE">OID</attrtype><attwidth Sync="TRUE">4</attwidth><atprecis Sync="TRUE">0</atprecis><attscale Sync="TRUE">0</attscale><attrdef Sync="TRUE">Internal feature number.</attrdef><attrdefs Sync="TRUE">Esri</attrdefs><attrdomv><udom Sync="TRUE">Sequential unique whole numbers that are automatically generated.</udom></attrdomv></attr><attr><attrlabl Sync="TRUE">Shape</attrlabl><attalias Sync="TRUE">Shape</attalias><attrtype Sync="TRUE">Geometry</attrtype><attwidth Sync="TRUE">0</attwidth><atprecis Sync="TRUE">0</atprecis><attscale Sync="TRUE">0</attscale><attrdef Sync="TRUE">Feature geometry.</attrdef><attrdefs Sync="TRUE">ESRI</attrdefs><attrdomv><udom Sync="TRUE">Coordinates defining the features.</udom></attrdomv></attr><attr><attrlabl Sync="TRUE">ARCID</attrlabl><attalias Sync="TRUE">ARCID</attalias><attrtype Sync="TRUE">Integer</attrtype><attwidth Sync="TRUE">9</attwidth><atprecis Sync="TRUE">9</atprecis><attscale Sync="TRUE">0</attscale></attr><attr><attrlabl Sync="TRUE">GRID_CODE</attrlabl><attalias Sync="TRUE">GRID_CODE</attalias><attrtype Sync="TRUE">Integer</attrtype><attwidth Sync="TRUE">9</attwidth><atprecis Sync="TRUE">9</atprecis><attscale Sync="TRUE">0</attscale></attr><attr><attrlabl Sync="TRUE">FROM_NODE</attrlabl><attalias Sync="TRUE">FROM_NODE</attalias><attrtype Sync="TRUE">Integer</attrtype><attwidth Sync="TRUE">9</attwidth><atprecis Sync="TRUE">9</atprecis><attscale Sync="TRUE">0</attscale></attr><attr><attrlabl Sync="TRUE">TO_NODE</attrlabl><attalias Sync="TRUE">TO_NODE</attalias><attrtype Sync="TRUE">Integer</attrtype><attwidth Sync="TRUE">9</attwidth><atprecis Sync="TRUE">9</atprecis><attscale Sync="TRUE">0</attscale></attr><attr><attrlabl Sync="TRUE">PoolWt</attrlabl><attalias Sync="TRUE">PoolWt</attalias><attrtype Sync="TRUE">Double</attrtype><attwidth Sync="TRUE">19</attwidth><atprecis Sync="TRUE">0</atprecis><attscale Sync="TRUE">0</attscale></attr><attr><attrlabl Sync="TRUE">SmoothT</attrlabl><attalias Sync="TRUE">SmoothT</attalias><attrtype Sync="TRUE">Double</attrtype><attwidth Sync="TRUE">19</attwidth><atprecis Sync="TRUE">0</atprecis><attscale Sync="TRUE">0</attscale></attr><attr><attrlabl Sync="TRUE">Shape_Leng</attrlabl><attalias Sync="TRUE">Shape_Leng</attalias><attrtype Sync="TRUE">Double</attrtype><attwidth Sync="TRUE">19</attwidth><atprecis Sync="TRUE">0</atprecis><attscale Sync="TRUE">0</attscale></attr></detailed></eainfo><mdDateSt Sync="TRUE">20170828</mdDateSt></metadata>
