"Unit","medArea","medPerim","avgArea","avgPerim","sdArea","sdPerim","totArea","totPerim","n","percArea","PeribyArea","VisitID","GUTrun"
"Bowl",1.6,7.2,2.42173913043478,8.76521739130435,2.72245820098794,6.08893248560281,55.7,201.6,23,10.17,3.62,22,"E:\GitHub\PyGUT\ExampleData\VisitData/VISIT_22/GUT/Output/GUT_2.1/Run_01"
"Bowl Transition",0.85,6.8,2.45,12.8727272727273,4.00972033224976,17.1658071486585,53.9,283.2,22,9.84,5.25,22,"E:\GitHub\PyGUT\ExampleData\VisitData/VISIT_22/GUT/Output/GUT_2.1/Run_01"
"Mound",3.4,15.5,5.10909090909091,20.8545454545455,4.79006005439131,15.1342162718954,112.4,458.8,22,20.52,4.08,22,"E:\GitHub\PyGUT\ExampleData\VisitData/VISIT_22/GUT/Output/GUT_2.1/Run_01"
"Mound Transition",0.4,5.6,1.04324324324324,10.2540540540541,1.48296634796248,10.9372603362846,38.6,379.4,37,7.05,9.83,22,"E:\GitHub\PyGUT\ExampleData\VisitData/VISIT_22/GUT/Output/GUT_2.1/Run_01"
"Plane",2.05,18.4,4.745,26.48,6.03607357563891,21.0523557876672,94.9,529.6,20,17.33,5.58,22,"E:\GitHub\PyGUT\ExampleData\VisitData/VISIT_22/GUT/Output/GUT_2.1/Run_01"
"Saddle",7.8,17.4,7.16666666666667,16.8,3.6909799963334,6.91953755680248,21.5,50.4,3,3.93,2.34,22,"E:\GitHub\PyGUT\ExampleData\VisitData/VISIT_22/GUT/Output/GUT_2.1/Run_01"
"Trough",1.9,17.2,5.79473684210526,30.3789473684211,8.50839282931928,32.6636661708281,110.1,577.2,19,20.1,5.24,22,"E:\GitHub\PyGUT\ExampleData\VisitData/VISIT_22/GUT/Output/GUT_2.1/Run_01"
"Wall",2.55,24.9,3.825,30.2875,2.59422435421457,18.0807033417767,61.2,484.6,16,11.17,7.92,22,"E:\GitHub\PyGUT\ExampleData\VisitData/VISIT_22/GUT/Output/GUT_2.1/Run_01"
"Bowl",0.8,4.4,1.38333333333333,5.73333333333333,1.36823200647018,3.57639318801696,24.9,103.2,18,6.52,4.14,85,"E:\GitHub\PyGUT\ExampleData\VisitData/VISIT_85/GUT/Output/GUT_2.1/Run_01"
"Bowl Transition",1.2,8.4,1.97894736842105,10.3157894736842,1.93895130514995,6.86676886314685,37.6,196,19,9.85,5.21,85,"E:\GitHub\PyGUT\ExampleData\VisitData/VISIT_85/GUT/Output/GUT_2.1/Run_01"
"Mound",2.9,18.4,4.86315789473684,20.7368421052632,5.14416719599498,16.7340043200901,92.4,394,19,24.21,4.26,85,"E:\GitHub\PyGUT\ExampleData\VisitData/VISIT_85/GUT/Output/GUT_2.1/Run_01"
"Mound Transition",0.4,6.2,0.962162162162162,10.9189189189189,1.20769554463388,10.7474502877514,35.6,404,37,9.33,11.35,85,"E:\GitHub\PyGUT\ExampleData\VisitData/VISIT_85/GUT/Output/GUT_2.1/Run_01"
"Plane",1.7,19,5.53846153846154,37.7076923076923,9.01235619039572,48.970985653726,72,490.2,13,18.86,6.81,85,"E:\GitHub\PyGUT\ExampleData\VisitData/VISIT_85/GUT/Output/GUT_2.1/Run_01"
"Saddle",2.65,9.5,3.275,10.55,1.80808370012748,3.34015967682185,13.1,42.2,4,3.43,3.22,85,"E:\GitHub\PyGUT\ExampleData\VisitData/VISIT_85/GUT/Output/GUT_2.1/Run_01"
"Trough",1.8,17,3.47,22.27,3.23339482668961,17.035724074334,69.4,445.4,20,18.18,6.42,85,"E:\GitHub\PyGUT\ExampleData\VisitData/VISIT_85/GUT/Output/GUT_2.1/Run_01"
"Wall",1.9,16.8,2.86153846153846,23.9384615384615,2.53953357316472,20.2937403510515,37.2,311.2,13,9.75,8.37,85,"E:\GitHub\PyGUT\ExampleData\VisitData/VISIT_85/GUT/Output/GUT_2.1/Run_01"
