<metadata xml:lang="en"><Esri><CreaDate>20150223</CreaDate><CreaTime>11350300</CreaTime><ArcGISFormat>1.0</ArcGISFormat><SyncOnce>FALSE</SyncOnce><DataProperties><lineage><Process ToolSource="c:\program files (x86)\arcgis\desktop10.1\ArcToolbox\Toolboxes\Analysis Tools.tbx\CreateThiessenPolygons" Date="20150223" Time="113503">CreateThiessenPolygons C:\Users\Jean\AppData\Roaming\CHaMPTopo\TempWorkspace\AllVertices11.shp C:\Users\Jean\AppData\Roaming\CHaMPTopo\TempWorkspace\Centreline11.gdb\TCPoly ONLY_FID</Process><Process ToolSource="c:\program files (x86)\arcgis\desktop10.1\ArcToolbox\Toolboxes\Data Management Tools.tbx\PolygonToLine" Date="20150223" Time="113503">PolygonToLine C:\Users\Jean\AppData\Roaming\CHaMPTopo\TempWorkspace\Centreline11.gdb\TCPoly C:\Users\Jean\AppData\Roaming\CHaMPTopo\TempWorkspace\Centreline11.gdb\TCline IDENTIFY_NEIGHBORS</Process><Process ToolSource="c:\program files (x86)\arcgis\desktop10.1\ArcToolbox\Toolboxes\Data Management Tools.tbx\CopyFeatures" Date="20150223" Time="113507">CopyFeatures uxrtqkuy C:\Users\Jean\AppData\Roaming\CHaMPTopo\TempWorkspace\Centreline11.gdb\discopy # 0 0 0</Process><Process ToolSource="c:\program files (x86)\arcgis\desktop10.1\ArcToolbox\Toolboxes\Data Management Tools.tbx\Dissolve" Date="20150223" Time="113509">Dissolve C:\Users\Jean\AppData\Roaming\CHaMPTopo\TempWorkspace\Centreline11.gdb\discopy C:\Users\Jean\AppData\Roaming\CHaMPTopo\TempWorkspace\Centreline11.gdb\unsplit # "Channel FIRST" SINGLE_PART UNSPLIT_LINES</Process><Process ToolSource="c:\program files (x86)\arcgis\desktop10.1\ArcToolbox\Toolboxes\Data Management Tools.tbx\AddField" Date="20150223" Time="113509">AddField C:\Users\Jean\AppData\Roaming\CHaMPTopo\TempWorkspace\Centreline11.gdb\unsplit Channel STRING # # # # NULLABLE NON_REQUIRED #</Process><Process ToolSource="c:\program files (x86)\arcgis\desktop10.1\ArcToolbox\Toolboxes\Data Management Tools.tbx\CalculateField" Date="20150223" Time="113509">CalculateField C:\Users\Jean\AppData\Roaming\CHaMPTopo\TempWorkspace\Centreline11.gdb\unsplit Channel !FIRST_Channel! PYTHON " "</Process><Process ToolSource="c:\program files (x86)\arcgis\desktop10.1\ArcToolbox\Toolboxes\Cartography Tools.tbx\SmoothLine" Date="20150223" Time="113510">SmoothLine C:\Users\Jean\AppData\Roaming\CHaMPTopo\TempWorkspace\Centreline11.gdb\unsplit C:\Users\Jean\AppData\Roaming\CHaMPTopo\TempWorkspace\Centreline11.gdb\smooth PAEK "2 Unknown" FIXED_CLOSED_ENDPOINT NO_CHECK</Process><Process ToolSource="c:\program files (x86)\arcgis\desktop10.1\ArcToolbox\Toolboxes\Data Management Tools.tbx\Dissolve" Date="20150223" Time="113510">Dissolve C:\Users\Jean\AppData\Roaming\CHaMPTopo\TempWorkspace\Centreline11.gdb\smooth C:\Users\Jean\AppData\Roaming\CHaMPTopo\TempWorkspace\Centerlines11.shp Channel # SINGLE_PART UNSPLIT_LINES</Process><Process ToolSource="c:\program files (x86)\arcgis\desktop10.1\ArcToolbox\Toolboxes\Analysis Tools.tbx\Clip" Date="20150223" Time="113511">Clip C:\Users\Jean\AppData\Roaming\CHaMPTopo\TempWorkspace\Centerlines11.shp C:\Users\Jean\AppData\Roaming\CHaMPTopo\TempWorkspace\MainChannel11.shp C:\Topo\CHaMP_Repairs_20150223\CBW05583-199103_85\SurveyGDB.gdb\Projected\BankfullCL #</Process><Process ToolSource="c:\program files (x86)\arcgis\desktop10.1\ArcToolbox\Toolboxes\Data Management Tools.tbx\CalculateField" Date="20160706" Time="155813">CalculateField C:\CHaMP\MasterMonitoringData\2011\UpperGrandeRonde\CBW05583-199103\VISIT_85\Topo\SurveyGDB.gdb\Projected\BankfullCL CLID !OBJECTID! PYTHON " "</Process><Process ToolSource="c:\program files (x86)\arcgis\desktop10.2\ArcToolbox\Toolboxes\Data Management Tools.tbx\CopyFeatures" Date="20170828" Time="161309">CopyFeatures C:/et_al/Shared/Projects/USA/CHaMP/ResearchProjects/TopographicGUs/wrk_Data/UpperGrandeRonde/CBW05583-199103/2011/VISIT_85\Topo\SurveyGeoDatabase.gdb\BankfullCL C:\et_al\Shared\Projects\USA\CHaMP\ResearchProjects\TopographicGUs\wrk_Data\UpperGrandeRonde\CBW05583-199103\2011\VISIT_85\ModelRuns\Inputs\BankfullCL.shp # 0 0 0</Process></lineage><itemProps><itemName Sync="TRUE">BankfullCL</itemName><imsContentType Sync="TRUE">002</imsContentType><itemLocation><linkage Sync="TRUE">file://\\SARAB-PC\C$\et_al\Shared\Projects\USA\CHaMP\ResearchProjects\TopographicGUs\wrk_Data\UpperGrandeRonde\CBW05583-199103\2011\VISIT_85\ModelRuns\Inputs\BankfullCL.shp</linkage><protocol Sync="TRUE">Local Area Network</protocol></itemLocation><itemSize Sync="TRUE">0.000</itemSize></itemProps><coordRef><type Sync="TRUE">Projected</type><geogcsn Sync="TRUE">GCS_North_American_1983</geogcsn><csUnits Sync="TRUE">Linear Unit: Meter (1.000000)</csUnits><projcsn Sync="TRUE">NAD_1983_UTM_Zone_11N</projcsn><peXml Sync="TRUE">&lt;ProjectedCoordinateSystem xsi:type='typens:ProjectedCoordinateSystem' xmlns:xsi='http://www.w3.org/2001/XMLSchema-instance' xmlns:xs='http://www.w3.org/2001/XMLSchema' xmlns:typens='http://www.esri.com/schemas/ArcGIS/10.1'&gt;&lt;WKT&gt;PROJCS[&amp;quot;NAD_1983_UTM_Zone_11N&amp;quot;,GEOGCS[&amp;quot;GCS_North_American_1983&amp;quot;,DATUM[&amp;quot;D_North_American_1983&amp;quot;,SPHEROID[&amp;quot;GRS_1980&amp;quot;,6378137.0,298.257222101]],PRIMEM[&amp;quot;Greenwich&amp;quot;,0.0],UNIT[&amp;quot;Degree&amp;quot;,0.0174532925199433]],PROJECTION[&amp;quot;Transverse_Mercator&amp;quot;],PARAMETER[&amp;quot;False_Easting&amp;quot;,500000.0],PARAMETER[&amp;quot;False_Northing&amp;quot;,0.0],PARAMETER[&amp;quot;Central_Meridian&amp;quot;,-117.0],PARAMETER[&amp;quot;Scale_Factor&amp;quot;,0.9996],PARAMETER[&amp;quot;Latitude_Of_Origin&amp;quot;,0.0],UNIT[&amp;quot;Meter&amp;quot;,1.0],AUTHORITY[&amp;quot;EPSG&amp;quot;,26911]]&lt;/WKT&gt;&lt;XOrigin&gt;-5120900&lt;/XOrigin&gt;&lt;YOrigin&gt;-9998100&lt;/YOrigin&gt;&lt;XYScale&gt;450445547.3910538&lt;/XYScale&gt;&lt;ZOrigin&gt;-100000&lt;/ZOrigin&gt;&lt;ZScale&gt;10000&lt;/ZScale&gt;&lt;MOrigin&gt;-100000&lt;/MOrigin&gt;&lt;MScale&gt;10000&lt;/MScale&gt;&lt;XYTolerance&gt;0.001&lt;/XYTolerance&gt;&lt;ZTolerance&gt;0.001&lt;/ZTolerance&gt;&lt;MTolerance&gt;0.001&lt;/MTolerance&gt;&lt;HighPrecision&gt;true&lt;/HighPrecision&gt;&lt;WKID&gt;26911&lt;/WKID&gt;&lt;LatestWKID&gt;26911&lt;/LatestWKID&gt;&lt;/ProjectedCoordinateSystem&gt;</peXml></coordRef></DataProperties><SyncDate>20170828</SyncDate><SyncTime>16130900</SyncTime><ModDate>20170828</ModDate><ModTime>16130900</ModTime></Esri><dataIdInfo><envirDesc Sync="TRUE"> Version 6.2 (Build 9200) ; Esri ArcGIS 10.2.2.3552</envirDesc><dataLang><languageCode value="eng" Sync="TRUE"></languageCode><countryCode value="USA" Sync="TRUE"></countryCode></dataLang><idCitation><resTitle Sync="TRUE">BankfullCL</resTitle><presForm><PresFormCd value="005" Sync="TRUE"></PresFormCd></presForm></idCitation><spatRpType><SpatRepTypCd value="001" Sync="TRUE"></SpatRepTypCd></spatRpType></dataIdInfo><mdLang><languageCode value="eng" Sync="TRUE"></languageCode><countryCode value="USA" Sync="TRUE"></countryCode></mdLang><distInfo><distFormat><formatName Sync="TRUE">Shapefile</formatName></distFormat><distTranOps><transSize Sync="TRUE">0.000</transSize></distTranOps></distInfo><mdHrLv><ScopeCd value="005" Sync="TRUE"></ScopeCd></mdHrLv><mdHrLvName Sync="TRUE">dataset</mdHrLvName><refSysInfo><RefSystem><refSysID><identCode code="26911" Sync="TRUE"></identCode><idCodeSpace Sync="TRUE">EPSG</idCodeSpace><idVersion Sync="TRUE">8.2.6</idVersion></refSysID></RefSystem></refSysInfo><spatRepInfo><VectSpatRep><geometObjs Name="BankfullCL"><geoObjTyp><GeoObjTypCd value="002" Sync="TRUE"></GeoObjTypCd></geoObjTyp><geoObjCnt Sync="TRUE">0</geoObjCnt></geometObjs><topLvl><TopoLevCd value="001" Sync="TRUE"></TopoLevCd></topLvl></VectSpatRep></spatRepInfo><spdoinfo><ptvctinf><esriterm Name="BankfullCL"><efeatyp Sync="TRUE">Simple</efeatyp><efeageom code="3" Sync="TRUE"></efeageom><esritopo Sync="TRUE">FALSE</esritopo><efeacnt Sync="TRUE">0</efeacnt><spindex Sync="TRUE">FALSE</spindex><linrefer Sync="TRUE">FALSE</linrefer></esriterm></ptvctinf></spdoinfo><eainfo><detailed Name="BankfullCL"><enttyp><enttypl Sync="TRUE">BankfullCL</enttypl><enttypt Sync="TRUE">Feature Class</enttypt><enttypc Sync="TRUE">0</enttypc></enttyp><attr><attrlabl Sync="TRUE">FID</attrlabl><attalias Sync="TRUE">FID</attalias><attrtype Sync="TRUE">OID</attrtype><attwidth Sync="TRUE">4</attwidth><atprecis Sync="TRUE">0</atprecis><attscale Sync="TRUE">0</attscale><attrdef Sync="TRUE">Internal feature number.</attrdef><attrdefs Sync="TRUE">Esri</attrdefs><attrdomv><udom Sync="TRUE">Sequential unique whole numbers that are automatically generated.</udom></attrdomv></attr><attr><attrlabl Sync="TRUE">Shape</attrlabl><attalias Sync="TRUE">Shape</attalias><attrtype Sync="TRUE">Geometry</attrtype><attwidth Sync="TRUE">0</attwidth><atprecis Sync="TRUE">0</atprecis><attscale Sync="TRUE">0</attscale><attrdef Sync="TRUE">Feature geometry.</attrdef><attrdefs Sync="TRUE">Esri</attrdefs><attrdomv><udom Sync="TRUE">Coordinates defining the features.</udom></attrdomv></attr><attr><attrlabl Sync="TRUE">Channel</attrlabl><attalias Sync="TRUE">Channel</attalias><attrtype Sync="TRUE">String</attrtype><attwidth Sync="TRUE">254</attwidth><atprecis Sync="TRUE">0</atprecis><attscale Sync="TRUE">0</attscale></attr><attr><attrlabl Sync="TRUE">Shape_Leng</attrlabl><attalias Sync="TRUE">Shape_Leng</attalias><attrtype Sync="TRUE">Double</attrtype><attwidth Sync="TRUE">19</attwidth><atprecis Sync="TRUE">0</atprecis><attscale Sync="TRUE">0</attscale></attr><attr><attrlabl Sync="TRUE">CLID</attrlabl><attalias Sync="TRUE">CLID</attalias><attrtype Sync="TRUE">Integer</attrtype><attwidth Sync="TRUE">9</attwidth><atprecis Sync="TRUE">9</atprecis><attscale Sync="TRUE">0</attscale></attr></detailed></eainfo><mdDateSt Sync="TRUE">20170828</mdDateSt></metadata>
