<PAMDataset>
  <Metadata>
    <MDI key="DataType">Generic</MDI>
  </Metadata>
  <PAMRasterBand band="1">
    <Metadata>
      <MDI key="STATISTICS_MINIMUM">1.6207622289658</MDI>
      <MDI key="STATISTICS_MAXIMUM">16.522077560425</MDI>
      <MDI key="STATISTICS_MEAN">8.3108968188258</MDI>
      <MDI key="STATISTICS_STDDEV">2.8803664101592</MDI>
      <MDI key="STATISTICS_SKIPFACTORX">1</MDI>
      <MDI key="STATISTICS_SKIPFACTORY">1</MDI>
      <MDI key="STATISTICS_EXCLUDEDVALUES"></MDI>
      <MDI key="STATISTICS_COVARIANCES">8.29651065677365</MDI>
    </Metadata>
  </PAMRasterBand>
</PAMDataset>
