<?xml version="1.0" encoding="UTF-8"?>
<metadata xml:lang="en"><Esri><CreaDate>20171027</CreaDate><CreaTime>07581100</CreaTime><ArcGISFormat>1.0</ArcGISFormat><SyncOnce>TRUE</SyncOnce><DataProperties><lineage><Process ToolSource="c:\program files (x86)\arcgis\desktop10.2\ArcToolbox\Toolboxes\Conversion Tools.tbx\RasterToPolygon" Date="20171027" Time="075811">RasterToPolygon c:\Users\A02252705\AppData\Local\Temp\tmpug01j0\ifthe_ras1 E:\HundredSites\VisitData\VISIT_22\GUT\EvidenceLayers\bedSlopeSD_Cat.shp NO_SIMPLIFY VALUE</Process></lineage></DataProperties></Esri></metadata>
