<PAMDataset>
  <Metadata>
    <MDI key="DataType">Generic</MDI>
  </Metadata>
  <PAMRasterBand band="1">
    <Metadata>
      <MDI key="STATISTICS_MINIMUM">0</MDI>
      <MDI key="STATISTICS_MAXIMUM">17.673376083374</MDI>
      <MDI key="STATISTICS_MEAN">2.0133146174683</MDI>
      <MDI key="STATISTICS_STDDEV">1.0205520876581</MDI>
      <MDI key="STATISTICS_SKIPFACTORX">1</MDI>
      <MDI key="STATISTICS_SKIPFACTORY">1</MDI>
      <MDI key="STATISTICS_EXCLUDEDVALUES"></MDI>
      <MDI key="STATISTICS_COVARIANCES">1.04152656362324</MDI>
    </Metadata>
  </PAMRasterBand>
</PAMDataset>
