<PAMDataset>
  <Metadata>
    <MDI key="DataType">Generic</MDI>
  </Metadata>
  <PAMRasterBand band="1">
    <Metadata>
      <MDI key="STATISTICS_MINIMUM">0.66035354137421</MDI>
      <MDI key="STATISTICS_MAXIMUM">4.453155040741</MDI>
      <MDI key="STATISTICS_MEAN">1.9971601185057</MDI>
      <MDI key="STATISTICS_STDDEV">0.60289674636138</MDI>
      <MDI key="STATISTICS_SKIPFACTORX">1</MDI>
      <MDI key="STATISTICS_SKIPFACTORY">1</MDI>
      <MDI key="STATISTICS_EXCLUDEDVALUES"></MDI>
      <MDI key="STATISTICS_COVARIANCES">0.363484486773135</MDI>
    </Metadata>
  </PAMRasterBand>
</PAMDataset>
