<?xml version="1.0" encoding="UTF-8"?>
<metadata xml:lang="en"><Esri><CreaDate>20171027</CreaDate><CreaTime>07580600</CreaTime><ArcGISFormat>1.0</ArcGISFormat><SyncOnce>TRUE</SyncOnce><DataProperties><lineage><Process ToolSource="c:\program files (x86)\arcgis\desktop10.2\ArcToolbox\Toolboxes\Conversion Tools.tbx\RasterToPolygon" Date="20171027" Time="075806">RasterToPolygon c:\Users\A02252705\AppData\Local\Temp\tmpug01j0\ifthe_ras E:\HundredSites\VisitData\VISIT_22\GUT\EvidenceLayers\bfSlope_Smooth_Cat.shp NO_SIMPLIFY VALUE</Process><Process ToolSource="c:\program files (x86)\arcgis\desktop10.2\ArcToolbox\Toolboxes\Data Management Tools.tbx\AddField" Date="20171027" Time="075806">AddField E:\HundredSites\VisitData\VISIT_22\GUT\EvidenceLayers\bfSlope_Smooth_Cat.shp bfSlopeCat TEXT # # 10 # NULLABLE NON_REQUIRED #</Process></lineage></DataProperties></Esri></metadata>
