<PAMDataset>
  <Metadata>
    <MDI key="DataType">Generic</MDI>
  </Metadata>
  <PAMRasterBand band="1">
    <Metadata>
      <MDI key="STATISTICS_MINIMUM">0</MDI>
      <MDI key="STATISTICS_MAXIMUM">31.862880706787</MDI>
      <MDI key="STATISTICS_MEAN">3.5170043613737</MDI>
      <MDI key="STATISTICS_STDDEV">1.791743697763</MDI>
      <MDI key="STATISTICS_SKIPFACTORX">1</MDI>
      <MDI key="STATISTICS_SKIPFACTORY">1</MDI>
      <MDI key="STATISTICS_EXCLUDEDVALUES"></MDI>
      <MDI key="STATISTICS_COVARIANCES">3.21034547847332</MDI>
    </Metadata>
  </PAMRasterBand>
</PAMDataset>
