<PAMDataset>
  <Metadata>
    <MDI key="DataType">Generic</MDI>
  </Metadata>
  <PAMRasterBand band="1">
    <Metadata>
      <MDI key="STATISTICS_MINIMUM">1.1526554822922</MDI>
      <MDI key="STATISTICS_MAXIMUM">7.81458568573</MDI>
      <MDI key="STATISTICS_MEAN">3.4885650569671</MDI>
      <MDI key="STATISTICS_STDDEV">1.0547239947914</MDI>
      <MDI key="STATISTICS_SKIPFACTORX">1</MDI>
      <MDI key="STATISTICS_SKIPFACTORY">1</MDI>
      <MDI key="STATISTICS_EXCLUDEDVALUES"></MDI>
      <MDI key="STATISTICS_COVARIANCES">1.11244270518873</MDI>
    </Metadata>
  </PAMRasterBand>
</PAMDataset>
