<PAMDataset>
  <Metadata>
    <MDI key="DataType">Generic</MDI>
  </Metadata>
  <PAMRasterBand band="1">
    <Metadata>
      <MDI key="STATISTICS_MINIMUM">1626.1907958984</MDI>
      <MDI key="STATISTICS_MAXIMUM">1630.3211669922</MDI>
      <MDI key="STATISTICS_MEAN">1628.5259997093</MDI>
      <MDI key="STATISTICS_STDDEV">0.97343626109746</MDI>
      <MDI key="STATISTICS_SKIPFACTORX">1</MDI>
      <MDI key="STATISTICS_SKIPFACTORY">1</MDI>
      <MDI key="STATISTICS_EXCLUDEDVALUES"></MDI>
      <MDI key="STATISTICS_COVARIANCES">0.947578154419402</MDI>
    </Metadata>
  </PAMRasterBand>
</PAMDataset>
