<PAMDataset>
  <PAMRasterBand band="1">
    <Metadata>
      <MDI key="STATISTICS_MINIMUM">1626.1907958984</MDI>
      <MDI key="STATISTICS_MAXIMUM">1629.7409667969</MDI>
      <MDI key="STATISTICS_MEAN">1628.026570612</MDI>
      <MDI key="STATISTICS_STDDEV">0.86338923290528</MDI>
      <MDI key="STATISTICS_SKIPFACTORX">1</MDI>
      <MDI key="STATISTICS_SKIPFACTORY">1</MDI>
      <MDI key="STATISTICS_EXCLUDEDVALUES"></MDI>
      <MDI key="STATISTICS_COVARIANCES">0.745440967496776</MDI>
    </Metadata>
  </PAMRasterBand>
</PAMDataset>
