<PAMDataset>
  <Metadata>
    <MDI key="DataType">Generic</MDI>
  </Metadata>
  <PAMRasterBand band="1">
    <Metadata>
      <MDI key="STATISTICS_MINIMUM">-0.14085312187672</MDI>
      <MDI key="STATISTICS_MAXIMUM">0.71090221405029</MDI>
      <MDI key="STATISTICS_MEAN">0.028043715526424</MDI>
      <MDI key="STATISTICS_STDDEV">0.11743954064999</MDI>
      <MDI key="STATISTICS_SKIPFACTORX">1</MDI>
      <MDI key="STATISTICS_SKIPFACTORY">1</MDI>
      <MDI key="STATISTICS_EXCLUDEDVALUES"></MDI>
      <MDI key="STATISTICS_COVARIANCES">1.37920457080816E-02</MDI>
    </Metadata>
  </PAMRasterBand>
</PAMDataset>
