<PAMDataset>
  <PAMRasterBand band="1">
    <Metadata>
      <MDI key="STATISTICS_MINIMUM">-0.383056640625</MDI>
      <MDI key="STATISTICS_MAXIMUM">0.4796142578125</MDI>
      <MDI key="STATISTICS_MEAN">0.0088424590673274</MDI>
      <MDI key="STATISTICS_STDDEV">0.094415206913657</MDI>
      <MDI key="STATISTICS_SKIPFACTORX">1</MDI>
      <MDI key="STATISTICS_SKIPFACTORY">1</MDI>
      <MDI key="STATISTICS_EXCLUDEDVALUES"></MDI>
      <MDI key="STATISTICS_COVARIANCES">8.91423129654862E-03</MDI>
    </Metadata>
  </PAMRasterBand>
</PAMDataset>
