<PAMDataset>
  <Metadata>
    <MDI key="DataType">Generic</MDI>
  </Metadata>
  <PAMRasterBand band="1">
    <Metadata>
      <MDI key="STATISTICS_MINIMUM">0.037091884762049</MDI>
      <MDI key="STATISTICS_MAXIMUM">62.158306121826</MDI>
      <MDI key="STATISTICS_MEAN">11.277693422311</MDI>
      <MDI key="STATISTICS_STDDEV">10.162237689029</MDI>
      <MDI key="STATISTICS_SKIPFACTORX">1</MDI>
      <MDI key="STATISTICS_SKIPFACTORY">1</MDI>
      <MDI key="STATISTICS_EXCLUDEDVALUES"></MDI>
      <MDI key="STATISTICS_COVARIANCES">103.271074848316</MDI>
    </Metadata>
  </PAMRasterBand>
</PAMDataset>
