<PAMDataset>
  <Metadata>
    <MDI key="DataType">Generic</MDI>
  </Metadata>
  <PAMRasterBand band="1">
    <Metadata>
      <MDI key="STATISTICS_MINIMUM">0.95341992378235</MDI>
      <MDI key="STATISTICS_MAXIMUM">17.112966537476</MDI>
      <MDI key="STATISTICS_MEAN">6.8378656943422</MDI>
      <MDI key="STATISTICS_STDDEV">2.7983528075971</MDI>
      <MDI key="STATISTICS_SKIPFACTORX">1</MDI>
      <MDI key="STATISTICS_SKIPFACTORY">1</MDI>
      <MDI key="STATISTICS_EXCLUDEDVALUES"></MDI>
      <MDI key="STATISTICS_COVARIANCES">7.83077843578654</MDI>
    </Metadata>
  </PAMRasterBand>
</PAMDataset>
