<PAMDataset>
  <Metadata>
    <MDI key="DataType">Generic</MDI>
  </Metadata>
  <PAMRasterBand band="1">
    <Metadata>
      <MDI key="STATISTICS_MINIMUM">0.36905634403229</MDI>
      <MDI key="STATISTICS_MAXIMUM">4.9312014579773</MDI>
      <MDI key="STATISTICS_MEAN">2.5908882773985</MDI>
      <MDI key="STATISTICS_STDDEV">0.8863217012651</MDI>
      <MDI key="STATISTICS_SKIPFACTORX">1</MDI>
      <MDI key="STATISTICS_SKIPFACTORY">1</MDI>
      <MDI key="STATISTICS_EXCLUDEDVALUES"></MDI>
      <MDI key="STATISTICS_COVARIANCES">0.785566158133467</MDI>
    </Metadata>
  </PAMRasterBand>
</PAMDataset>
