<PAMDataset>
  <Metadata>
    <MDI key="DataType">Generic</MDI>
  </Metadata>
  <PAMRasterBand band="1">
    <Metadata>
      <MDI key="STATISTICS_MINIMUM">0.64414858818054</MDI>
      <MDI key="STATISTICS_MAXIMUM">8.6459503173828</MDI>
      <MDI key="STATISTICS_MEAN">4.52740828384</MDI>
      <MDI key="STATISTICS_STDDEV">1.5512009974069</MDI>
      <MDI key="STATISTICS_SKIPFACTORX">1</MDI>
      <MDI key="STATISTICS_SKIPFACTORY">1</MDI>
      <MDI key="STATISTICS_EXCLUDEDVALUES"></MDI>
      <MDI key="STATISTICS_COVARIANCES">2.40622453435618</MDI>
    </Metadata>
  </PAMRasterBand>
</PAMDataset>
