<PAMDataset>
  <Metadata>
    <MDI key="DataType">Generic</MDI>
  </Metadata>
  <PAMRasterBand band="1">
    <Metadata>
      <MDI key="STATISTICS_MINIMUM">0</MDI>
      <MDI key="STATISTICS_MAXIMUM">34.561725616455</MDI>
      <MDI key="STATISTICS_MEAN">4.569126358172</MDI>
      <MDI key="STATISTICS_STDDEV">2.1621490021639</MDI>
      <MDI key="STATISTICS_SKIPFACTORX">1</MDI>
      <MDI key="STATISTICS_SKIPFACTORY">1</MDI>
      <MDI key="STATISTICS_EXCLUDEDVALUES"></MDI>
      <MDI key="STATISTICS_COVARIANCES">4.67488830755841</MDI>
    </Metadata>
  </PAMRasterBand>
</PAMDataset>
