<PAMDataset>
  <Metadata>
    <MDI key="DataType">Generic</MDI>
  </Metadata>
  <PAMRasterBand band="1">
    <Metadata>
      <MDI key="STATISTICS_MINIMUM">0</MDI>
      <MDI key="STATISTICS_MAXIMUM">19.066032409668</MDI>
      <MDI key="STATISTICS_MEAN">2.6145930996596</MDI>
      <MDI key="STATISTICS_STDDEV">1.2317370671093</MDI>
      <MDI key="STATISTICS_SKIPFACTORX">1</MDI>
      <MDI key="STATISTICS_SKIPFACTORY">1</MDI>
      <MDI key="STATISTICS_EXCLUDEDVALUES"></MDI>
      <MDI key="STATISTICS_COVARIANCES">1.51717620249101</MDI>
    </Metadata>
  </PAMRasterBand>
</PAMDataset>
