<PAMDataset>
  <Metadata>
    <MDI key="DataType">Generic</MDI>
  </Metadata>
  <PAMRasterBand band="1">
    <Metadata>
      <MDI key="STATISTICS_MINIMUM">1249.9304199219</MDI>
      <MDI key="STATISTICS_MAXIMUM">1256.2214355469</MDI>
      <MDI key="STATISTICS_MEAN">1252.8917755426</MDI>
      <MDI key="STATISTICS_STDDEV">1.3021679609183</MDI>
      <MDI key="STATISTICS_SKIPFACTORX">1</MDI>
      <MDI key="STATISTICS_SKIPFACTORY">1</MDI>
      <MDI key="STATISTICS_EXCLUDEDVALUES"></MDI>
      <MDI key="STATISTICS_COVARIANCES">1.69564139844203</MDI>
    </Metadata>
  </PAMRasterBand>
</PAMDataset>
