<PAMDataset>
  <PAMRasterBand band="1">
    <Metadata>
      <MDI key="STATISTICS_MINIMUM">1249.9304199219</MDI>
      <MDI key="STATISTICS_MAXIMUM">1254.1318359375</MDI>
      <MDI key="STATISTICS_MEAN">1251.9473739028</MDI>
      <MDI key="STATISTICS_STDDEV">1.1968390114052</MDI>
      <MDI key="STATISTICS_SKIPFACTORX">1</MDI>
      <MDI key="STATISTICS_SKIPFACTORY">1</MDI>
      <MDI key="STATISTICS_EXCLUDEDVALUES"></MDI>
      <MDI key="STATISTICS_COVARIANCES">1.43242361922138</MDI>
    </Metadata>
  </PAMRasterBand>
</PAMDataset>
