<PAMDataset>
  <Metadata>
    <MDI key="DataType">Generic</MDI>
  </Metadata>
  <PAMRasterBand band="1">
    <Metadata>
      <MDI key="STATISTICS_MINIMUM">-0.065565966069698</MDI>
      <MDI key="STATISTICS_MAXIMUM">0.14494481682777</MDI>
      <MDI key="STATISTICS_MEAN">0.0034338377770453</MDI>
      <MDI key="STATISTICS_STDDEV">0.03393605941369</MDI>
      <MDI key="STATISTICS_SKIPFACTORX">1</MDI>
      <MDI key="STATISTICS_SKIPFACTORY">1</MDI>
      <MDI key="STATISTICS_EXCLUDEDVALUES"></MDI>
      <MDI key="STATISTICS_COVARIANCES">1.1516561285295E-03</MDI>
    </Metadata>
  </PAMRasterBand>
</PAMDataset>
