<PAMDataset>
  <PAMRasterBand band="1">
    <Metadata>
      <MDI key="STATISTICS_MINIMUM">-0.569580078125</MDI>
      <MDI key="STATISTICS_MAXIMUM">0.473876953125</MDI>
      <MDI key="STATISTICS_MEAN">0.011120256257859</MDI>
      <MDI key="STATISTICS_STDDEV">0.086780268346518</MDI>
      <MDI key="STATISTICS_SKIPFACTORX">1</MDI>
      <MDI key="STATISTICS_SKIPFACTORY">1</MDI>
      <MDI key="STATISTICS_EXCLUDEDVALUES"></MDI>
      <MDI key="STATISTICS_COVARIANCES">7.53081497429368E-03</MDI>
    </Metadata>
  </PAMRasterBand>
</PAMDataset>
