<PAMDataset>
  <Metadata>
    <MDI key="DataType">Generic</MDI>
  </Metadata>
  <PAMRasterBand band="1">
    <Metadata>
      <MDI key="STATISTICS_MINIMUM">0.039098277688026</MDI>
      <MDI key="STATISTICS_MAXIMUM">65.375587463379</MDI>
      <MDI key="STATISTICS_MEAN">10.376841911059</MDI>
      <MDI key="STATISTICS_STDDEV">8.6091420512513</MDI>
      <MDI key="STATISTICS_SKIPFACTORX">1</MDI>
      <MDI key="STATISTICS_SKIPFACTORY">1</MDI>
      <MDI key="STATISTICS_EXCLUDEDVALUES"></MDI>
      <MDI key="STATISTICS_COVARIANCES">74.1173268586237</MDI>
    </Metadata>
  </PAMRasterBand>
</PAMDataset>
